{
  "lme4::Pastes": [
    {
      "lmm": {
        "deviance": 247.99446586289685,
        "hasgrad": false,
        "time": 0.005460853,
        "theta": [
          3.5268858714019764,
          1.3299230212848747
        ]
      },
      "lmer": {
        "deviance": 247.994465862425,
        "theta": [
          3.52690173547125,
          1.32991216014294
        ],
        "time": [
          0.0479999999999947,
          0,
          0.0450000000000728
        ],
        "feval": 79
      },
      "formula": "strength ~ 1 + (1|sample) + (1|batch)"
    }
  ],
  "lme4::Dyestuff": [
    {
      "lmm": {
        "deviance": 327.3270598811376,
        "hasgrad": true,
        "time": 0.000569529,
        "theta": [
          0.7525801695296996
        ]
      },
      "lmer": {
        "deviance": 327.327059881135,
        "theta": 0.752580692578606,
        "time": [
          0.0279999999999987,
          0,
          0.0279999999993379
        ],
        "feval": 18
      },
      "formula": "Yield ~ 1 + (1|Batch)"
    }
  ],
  "lme4::Dyestuff2": [
    {
      "lmm": {
        "deviance": 162.87303665382575,
        "hasgrad": true,
        "time": 0.000498735,
        "theta": [
          0.0
        ]
      },
      "lmer": {
        "deviance": 162.873036653826,
        "theta": 0,
        "time": [
          0.0279999999999987,
          0,
          0.0290000000004511
        ],
        "feval": 14
      },
      "formula": "Yield ~ 1 + (1|Batch)"
    }
  ],
  "MEMSS::Gasoline": [
    {
      "lmm": {
        "deviance": 170.66251956442605,
        "hasgrad": true,
        "time": 0.001117308,
        "theta": [
          4.324834693691657
        ]
      },
      "lmer": {
        "deviance": 170.662519564425,
        "theta": 4.32483606769952,
        "time": [
          0.0600000000000005,
          0,
          0.0570000000000164
        ],
        "feval": 27
      },
      "formula": "yield ~ endpoint + (1|Sample)"
    }
  ],
  "lme4::sleepstudy": [
    {
      "lmm": {
        "deviance": 1751.9393444636157,
        "hasgrad": true,
        "time": 0.015429138,
        "theta": [
          0.9292263921651006,
          0.01816425375038186,
          0.22264579485237582
        ]
      },
      "lmer": {
        "deviance": 1751.9393444632,
        "theta": [
          0.929225333147176,
          0.0181656125028504,
          0.222645384404873
        ],
        "time": [
          0.0880000000000001,
          0,
          0.0820000000001073
        ],
        "feval": 64
      },
      "formula": "Reaction ~ Days + (Days|Subject)"
    }
  ],
  "RePsychLing::bs10": [
    {
      "lmm": {
        "deviance": 1030.955295054529,
        "hasgrad": true,
        "time": 1.49967551,
        "theta": [
          0.3237548081079127,
          -0.1663421923905838,
          0.16112085753037314,
          -0.026568071940169177,
          0.2451701440367876,
          -0.020852355077109776,
          0.19980923174605145,
          1.2827364396954888e-6,
          -1.8660459994614471e-6,
          0.0,
          0.048841042016928744,
          -0.024908912947455977,
          0.03258144495337154,
          -0.02552670907046355,
          9.78214123689975e-7,
          -7.887040606892983e-8,
          -3.6363982862743385e-8,
          0.0,
          5.039296516259318e-10,
          0.0
        ]
      },
      "lmer": {
        "deviance": 1049.18017484063,
        "theta": [
          0.275442512939028,
          -0.249519095076394,
          0.145500901166421,
          -0.105105253911504,
          0,
          -0.00370080929972719,
          -0.124767684542418,
          2.80836019180675e-5,
          0.000946250427121558,
          4.71948192256461e-5,
          0.0448341626913555,
          -0.0232763521351925,
          0.027937258879557,
          -0.0235579211823727,
          0,
          6.18596961309793e-8,
          -2.25379000051387e-7,
          0,
          4.73255317148031e-8,
          0
        ],
        "time": [
          119.8,
          117.864,
          60.961
        ],
        "feval": 4022
      },
      "formula": "dif ~ 1+S+F+SF + (1+S+F+SF|subj) + (1+S+F+SF|item)"
    }
  ],
  "lme4::cake": [
    {
      "lmm": {},
      "lmer": {
        "deviance": 1679.05186525477,
        "theta": 1.42959163088475,
        "time": [
          0.0399999999999991,
          0,
          0.0399999999990541
        ],
        "feval": 16
      },
      "formula": "angle ~ recipe * temperature + (1|recipe:replicate)"
    }
  ],
  "RePsychLing::gb12": [
    {
      "lmm": {
        "deviance": 7926.675430095514,
        "hasgrad": true,
        "time": 5.916245325,
        "theta": [
          0.6539951084118749,
          0.3289298153550492,
          0.03197246221625923,
          0.012955715896688712,
          0.0540646899791985,
          -0.24978139396017426,
          -0.10635060748907975,
          3.458675706308749e-6,
          1.2258939602603926e-6,
          0.0,
          0.28686055887130724,
          0.2050568953838983,
          0.028828223678031274,
          0.029209722745212413,
          0.017201830310745587,
          0.09840302444904712,
          0.08543763713725666,
          0.00017258432972134662,
          0.0001589644695202128,
          0.0
        ]
      },
      "lmer": {
        "deviance": 7955.67125165077,
        "theta": [
          0.611699737595633,
          0.305638827518418,
          0.0267387255689216,
          0.0123714553093485,
          0.0458077255661386,
          -0.218383227319859,
          -0.0930309991996271,
          0,
          -6.3581089072571e-9,
          0,
          0,
          -0.148852416112234,
          -0.0579382474781739,
          -0.047634405145295,
          0.00756239773650757,
          -0.0632586841044484,
          -0.0582302891724191,
          0.00105424657366177,
          0.000965786704853759,
          0
        ],
        "time": [
          21.452,
          24.28,
          11.777
        ],
        "feval": 885
      },
      "formula": "sottrunc2 ~ 1+T+P+F+TP+TF+PF+TPF+(1+T+F+TF|session)+(1+T+P+TP|item)"
    },
    {
      "lmer": {
        "deviance": 7977.36967845489,
        "theta": [
          0.615368406954134,
          0.282035286837804,
          0.215250190081291,
          0,
          0.254447331403037,
          0.154461697354239,
          0,
          5.53702139004413e-8
        ],
        "time": [
          4.36799999999999,
          5.03999999999996,
          2.56400000000031
        ],
        "feval": 209
      },
      "formula": "sottrunc2 ~ 1+T+P+F+TP+TF+PF+TPF + (1|session) + (0+T|session) + (0+F|session) +(0+TF|session) + (1|item) + (0+T|item) + (0+P|item) +(0+TP|item)"
    }
  ],
  "lme4::Penicillin": [
    {
      "lmm": {
        "deviance": 332.18834866850545,
        "hasgrad": true,
        "time": 0.011666539,
        "theta": [
          1.5375936129510739,
          3.219751761414737
        ]
      },
      "lmer": {
        "deviance": 332.188348668501,
        "theta": [
          1.53759348675565,
          3.21975344914413
        ],
        "time": [
          0.0919999999999996,
          0,
          0.0900000000000318
        ],
        "feval": 85
      },
      "formula": "diameter ~ (1|plate) + (1|sample)"
    }
  ],
  "lme4::InstEval": [
    {
      "lmm": {
        "deviance": 237585.553415169,
        "theta": [
          0.275914887458711,
          0.431994091593974
        ],
        "time": 5.535661416
      },
      "lmer": {
        "deviance": 237585.553415168,
        "theta": [
          0.275914949272451,
          0.431994029810538
        ],
        "times": [
          18.732,
          18.556,
          11.584
        ]
      },
      "formula": "y ~ 1 + dept*service + (1|s) + (1|d)"
    }
  ],
  "MEMSS::ergoStool": [
    {
      "lmm": {
        "deviance": 122.14443740814211,
        "hasgrad": true,
        "time": 0.001194552,