{
  "lme4::Pastes": [
    {
      "lmm": {
        "deviance": 247.9944658628968,
        "hasgrad": false,
        "time": 0.008867985,
        "theta": [
          3.5268858714013795,
          1.3299230212152218
        ]
      },
      "lmer": {
        "deviance": 247.994465862425,
        "theta": [
          3.52690173547125,
          1.32991216014294
        ],
        "time": [
          0.0479999999999947,
          0,
          0.0450000000000728
        ],
        "feval": 79
      },
      "formula": "strength ~ 1 + (1|sample) + (1|batch)"
    }
  ],
  "lme4::Dyestuff": [
    {
      "lmm": {
        "deviance": 327.32705988113764,
        "hasgrad": true,
        "time": 0.00100541,
        "theta": [
          0.7525801695835216
        ]
      },
      "lmer": {
        "deviance": 327.327059881135,
        "theta": 0.752580692578606,
        "time": [
          0.0279999999999987,
          0,
          0.0279999999993379
        ],
        "feval": 18
      },
      "formula": "Yield ~ 1 + (1|Batch)"
    }
  ],
  "lme4::Dyestuff2": [
    {
      "lmm": {
        "deviance": 162.87303665382575,
        "hasgrad": true,
        "time": 0.00074139,
        "theta": [
          0.0
        ]
      },
      "lmer": {
        "deviance": 162.873036653826,
        "theta": 0,
        "time": [
          0.0279999999999987,
          0,
          0.0290000000004511
        ],
        "feval": 14
      },
      "formula": "Yield ~ 1 + (1|Batch)"
    }
  ],
  "lme4::InstEval": [
    {
      "lmm": {
        "deviance": 237585.553415169,
        "theta": [
          0.275914887458711,
          0.431994091593974
        ],
        "time": 5.535661416
      },
      "lmer": {
        "deviance": 237585.553415168,
        "theta": [
          0.275914949272451,
          0.431994029810538
        ],
        "times": [
          18.732,
          18.556,
          11.584
        ]
      },
      "formula": "y ~ 1 + dept*service + (1|s) + (1|d)"
    }
  ],
  "Timings::cake": [
    {
      "lmm": {},
      "lmer": {
        "deviance": 1679.05186525477,
        "theta": 1.42959163088475,
        "time": [
          0.0399999999999991,
          0,
          0.0399999999990541
        ],
        "feval": 16
      },
      "formula": "a ~ 1 + rec*t + (1|rr)"
    }
  ]
}
