{
  "mlmRev::Chem97": [
    {
      "lmm": {
        "deviance": 157869.926149324,
        "hasgrad": false,
        "time": 0.891034175,
        "theta": [
          0.568151894265792,
          0.132419148509074
        ]
      },
      "formula": "score ~ 1 + (1|school) + (1|lea)",
      "lmer": {
        "deviance": 157869.92614932,
        "theta": [
          0.568151374713356,
          0.132418206020292
        ],
        "time": [
          1.176,
          0.04,
          1.215
        ],
        "feval": 32
      }
    },
    {
      "lmm": {
        "deviance": 141685.560214102,
        "hasgrad": false,
        "time": 0.994597957,
        "theta": [
          0.475667133277229,
          0.0513593189215866
        ]
      },
      "formula": "score ~ 1 + gcsecnt + (1|school) + (1|lea)",
      "lmer": {
        "deviance": 141685.560214102,
        "theta": [
          0.475667127249448,
          0.0513591303827823
        ],
        "time": [
          1.216,
          0.212,
          1.16900000000001
        ],
        "feval": 42
      }
    }
  ],
  "mlmRev::ScotsSec": [
    {
      "lmm": {
        "deviance": 14773.2214911605,
        "hasgrad": false,
        "time": 0.031290466,
        "theta": [
          0.226352788051735,
          0.0283442589406607
        ]
      },
      "formula": "attain ~ 1 + verbal + sex + social + (1|primary) + (1|second)",
      "lmer": {
        "deviance": 14773.2214911605,
        "theta": [
          0.226352760302822,
          0.0283441210206399
        ],
        "time": [
          0.140000000000001,
          0,
          0.141999999999996
        ],
        "feval": 41
      }
    }
  ],
  "mlmRev::Hsb82": [
    {
      "lmm": {
        "deviance": 46331.4324058454,
        "hasgrad": true,
        "time": 0.044776204,
        "theta": [
          0.251423786456248
        ]
      },
      "formula": "mAch ~ 1 + sx + ses + minrty + sector + (1|school)",
      "lmer": {
        "deviance": 46331.4324058454,
        "theta": 0.251423847151577,
        "time": [
          0.132,
          0,
          0.131
        ],
        "feval": 19
      }
    }
  ],
  "mlmRev::Exam": [
    {
      "lmm": {
        "deviance": 9325.42730506691,
        "hasgrad": true,
        "time": 0.016569729,
        "theta": [
          0.379801923847789
        ]
      },
      "formula": "normexam ~ 1+ standLRT + sex + schgend + (1|school)",
      "lmer": {
        "deviance": 9325.4273050669,
        "theta": 0.379801801542402,
        "time": [
          0.0800000000000001,
          0.004,
          0.0820000000000078
        ],
        "feval": 17
      }
    },
    {
      "lmm": {
        "deviance": 9325.38460889902,
        "hasgrad": true,
        "time": 0.017801826,
        "theta": [
          0.379846321000843
        ]
      },
      "formula": "normexam ~ 1 + standLRT*sex + schgend + (1|school)",
      "lmer": {
        "deviance": 9325.384608899,
        "theta": 0.37984614629784,
        "time": [
          0.0800000000000001,
          0,
          0.0799999999999983
        ],
        "feval": 16
      }
    }
  ],
  "mlmRev::Oxboys": [
    {
      "lmm": {
        "deviance": 725.967689095585,
        "hasgrad": true,
        "time": 0.019045904,
        "theta": [
          12.0081920494295,
          1.6016377052773,
          1.91366015254528
        ]
      },
      "formula": "height ~ 1 + age + (1 + age|Subject)",
      "lmer": {
        "deviance": 725.967689094131,
        "theta": [
          12.0081282413232,
          1.60163172018463,
          1.91365706247285
        ],
        "time": [
          0.0960000000000001,
          0,
          0.0949999999999989
        ],
        "feval": 379
      }
    }
  ],
  "mlmRev::egsingle": [
    {
      "formula": "math~1 + year*size+female+(1|childid)+(1|schoolid)",
      "lmm": {

      },
      "lmer": {
        "deviance": 16732.4965433667,
        "theta": [
          1.38966279354766,
          0.705199760876849
        ],
        "time": [
          0.332000000000001,
          0.004,
          0.338999999999999
        ],
        "feval": 46
      }
    }
  ]
}

