{
  "RePsychLing::gb12": [
    {
      "lmm": {
        "deviance": 7926.675430068867,
        "hasgrad": true,
        "theta": [
          0.6539951349244724,
          0.3289298150089244,
          0.0319724629191361,
          0.0129557162949372,
          0.0540646900339231,
          -0.2497813938885763,
          -0.10635060852184727,
          3.223708905047279e-6,
          1.3269276134858495e-6,
          0.0,
          0.286860563009522,
          0.20505689508580777,
          0.028828218884894976,
          0.02920971042445586,
          0.017201801426092473,
          0.09840303100203086,
          0.08543777857110381,
          0.00016307717093210785,
          0.0001467317818707656,
          0.0
        ],
        "time": 6.326495736
      },
      "formula": "sottrunc2 ~ 1+T+P+F+TP+TF+PF+TPF+(1+T+F+TF|session)+(1+T+P+TP|item)"
    },
    {
      "lmm": {},
      "formula": "sottrunc2 ~ 1+T+P+F+TP+TF+PF+TPF+(1+T+F+TF||session)+(1+T+P+TP||item)"
    }
  ],
  "RePsychLing::bs10": [
    {
      "lmm": {
        "deviance": 1030.9552950545244,
        "hasgrad": true,
        "theta": [
          0.32375480849871435,
          -0.1663421940491574,
          0.16112085747020616,
          -0.026568070744860197,
          0.24517014527920442,
          -0.020852356487747883,
          0.19980923184695662,
          1.2825240541653682e-6,
          -1.8653079273547114e-6,
          0.0,
          0.048841042274762825,
          -0.02490891308242706,
          0.032581445026355675,
          -0.025526709537090003,
          9.765456361330448e-7,
          -7.888292044177278e-8,
          -3.6324584964291406e-8,
          0.0,
          4.985285272540319e-10,
          0.0
        ],
        "time": 1.580848193
      },
      "formula": "dif ~ 1+S+F+SF + (1+S+F+SF|subj) + (1+S+F+SF|item)"
    },
    {
      "lmm": {},
      "formula": "dif ~ 1+S+F+SF + (1+S+F+SF||subj) + (1+S+F+SF||item)"
    },
    {
      "lmm": {
        "deviance": 1075.3870031625743,
        "hasgrad": true,
        "theta": [
          0.26208306398227527,
          -0.23317663077682022,
          0.0
        ],
        "time": 0.031310642
      },
      "formula": "dif ~ 1+S+F+SF + (1+S|subj)"
    }
  ],
  "RePsychLing::kb07": [
    {
      "lmm": {
        "deviance": 28586.3176218224,
        "hasgrad": true,
        "theta": [
          0.4765904248367059,
          -0.049465014557750604,
          -0.055773599763984924,
          0.02950367722144211,
          0.0291461184910461,
          0.03194991794304494,
          -0.013915910803675763,
          -0.04639216352007164,
          0.10256379439781399,
          -0.017099476862739185,
          -0.01660499731128511,
          -0.11091967313059257,
          -0.024352938194657933,
          0.012662419560819316,
          0.021789186153294726,
          0.10232498704259067,
          0.07795641757803144,
          -0.09440599092589344,
          0.005108455907494101,
          -0.0133002399307506,
          -0.06508123529578207,
          0.10844377824027442,
          0.0054246077725580355,
          -0.0540160606405009,
          -0.1343199734551721,
          0.051504089877217586,
          2.0862146653097083e-61,
          5.1549921936836416e-59,
          2.743711837942255e-59,
          -4.027056194675829e-59,
          3.497726909679598e-58,
          2.8868905330322047e-58,
          -3.615006689550679e-58,
          9.250643547761774e-164,
          -9.222658317097362e-164,
          0.0,
          0.5699795594138979,
          -0.023392093813527002,
          -0.2670527575813094,
          0.0173645283968741,
          0.029035648421285188,
          0.017836253949095344,
          0.008482347566339301,
          0.004881220406053589,
          0.0639906843311671,
          -0.288079295331095,
          0.003435810082290445,
          -0.030875983392126247,
          0.004788913405824674,
          -0.023787665319587734,
          -0.0539969916063052,
          0.04279379618477686,
          -0.012982859240034388,
          -0.01743599048290822,
          -0.015648803990246526,
          0.1009710427109241,
          -0.008426785471026984,
          0.08303192953891889,
          -0.0067604609474120605,
          0.0229244965082224,
          0.00023674492422976723,
          -0.07795720433129424,
          0.021527676168279795,
          -0.05425934754283467,
          -0.030479472159587566,
          0.054539373483609384,
          2.2438837788257965e-5,
          -2.1048478363453984e-5,
          -8.050598615305602e-6,
          2.1070473086670306e-139,
          -1.2930906893371838e-139,
          0.0
        ],
        "time": 420.958108567
      },
      "formula": "RTtrunc ~ 1+S+P+C+SP+SC+PC+SPC + (1+S+P+C+SP+SC+PC+SPC|subj) + (1+S+P+C+SP+SC+PC+SPC|item)"
    },
    {
      "lmm": {},
      "formula": "RTtrunc ~ 1+S+P+C+SP+SC+PC+SPC + (1+S+P+C+SP+SC+PC+SPC||subj) + (1+S+P+C+SP+SC+PC+SPC||item)"
    },
    {
      "lmm": {
        "deviance": 28682.067394191865,
        "hasgrad": true,
        "time": 1.663529414,
        "theta": [
          0.5377752027176426,
          0.369248798244261,
          0.4453004087891869
        ]
      },
      "formula": "RTtrunc ~ 1+S+P+C+SP+SC+PC+SPC + (1|item) + (0+P|item) + (1|subj)"
    }
  ]
}
