{
  "RePsychLing::gb12": [
    {
      "lmm": {
        "deviance": 7926.67543006887,
        "hasgrad": true,
        "theta": [
          0.653995134924472,
          0.328929815008924,
          0.0319724629191361,
          0.0129557162949372,
          0.0540646900339231,
          -0.249781393888576,
          -0.106350608521847,
          3.22370890504728e-06,
          1.32692761348585e-06,
          0,
          0.286860563009522,
          0.205056895085808,
          0.028828218884895,
          0.0292097104244559,
          0.0172018014260925,
          0.0984030310020309,
          0.0854377785711038,
          0.000163077170932108,
          0.000146731781870766,
          0
        ],
        "time": 6.326495736
      },
      "formula": "sottrunc2 ~ 1+T+P+F+TP+TF+PF+TPF+(1+T+F+TF|session)+(1+T+P+TP|item)",
      "lmer": {
        "deviance": 7955.67125165077,
        "theta": [
          0.611699737595633,
          0.305638827518418,
          0.0267387255689216,
          0.0123714553093485,
          0.0458077255661386,
          -0.218383227319859,
          -0.0930309991996271,
          0,
          -6.3581089072571e-09,
          0,
          0,
          -0.148852416112234,
          -0.0579382474781739,
          -0.047634405145295,
          0.00756239773650757,
          -0.0632586841044484,
          -0.0582302891724191,
          0.00105424657366177,
          0.000965786704853759,
          0
        ],
        "time": [
          11,
          11.592,
          5.932
        ],
        "feval": 885
      }
    },
    {
      "lmm": {

      },
      "formula": "sottrunc2 ~ 1+T+P+F+TP+TF+PF+TPF+(1+T+F+TF||session)+(1+T+P+TP||item)",
      "lmer": {
        "deviance": 7977.36967845489,
        "theta": [
          0.615368406954134,
          0.282035286837804,
          0.215250190081291,
          0,
          0.254447331403037,
          0.154461697354239,
          0,
          5.53702139004413e-08
        ],
        "time": [
          2.3,
          2.804,
          1.435
        ],
        "feval": 209
      }
    }
  ],
  "RePsychLing::bs10": [
    {
      "lmm": {
        "deviance": 1030.95529505452,
        "hasgrad": true,
        "theta": [
          0.323754808498714,
          -0.166342194049157,
          0.161120857470206,
          -0.0265680707448602,
          0.245170145279204,
          -0.0208523564877479,
          0.199809231846957,
          1.28252405416537e-06,
          -1.86530792735471e-06,
          0,
          0.0488410422747628,
          -0.0249089130824271,
          0.0325814450263557,
          -0.02552670953709,
          9.76545636133045e-07,
          -7.88829204417728e-08,
          -3.63245849642914e-08,
          0,
          4.98528527254032e-10,
          0
        ],
        "time": 1.580848193
      },
      "formula": "dif ~ 1+S+F+SF + (1+S+F+SF|subj) + (1+S+F+SF|item)",
      "lmer": {
        "deviance": 1049.18017484063,
        "theta": [
          0.275442512939028,
          -0.249519095076394,
          0.145500901166421,
          -0.105105253911504,
          0,
          -0.00370080929972719,
          -0.124767684542418,
          2.80836019180675e-05,
          0.000946250427121558,
          4.71948192256461e-05,
          0.0448341626913555,
          -0.0232763521351925,
          0.027937258879557,
          -0.0235579211823727,
          0,
          6.18596961309793e-08,
          -2.25379000051387e-07,
          0,
          4.73255317148031e-08,
          0
        ],
        "time": [
          62.368,
          61.984,
          32.179
        ],
        "feval": 4022
      }
    },
    {
      "lmm": {

      },
      "formula": "dif ~ 1+S+F+SF + (1+S+F+SF||subj) + (1+S+F+SF||item)",
      "lmer": {
        "deviance": 1080.0806840648,
        "theta": [
          0.294531742271407,
          0.272190924462179,
          3.88729099448396e-07,
          0.16216038702834,
          0,
          0,
          0,
          1.18423495233667e-08
        ],
        "time": [
          6.13200000000001,
          5.432,
          3.056
        ],
        "feval": 306
      }
    },
    {
      "lmm": {
        "deviance": 1075.38700316257,
        "hasgrad": true,
        "theta": [
          0.262083063982275,
          -0.23317663077682,
          0
        ],
        "time": 0.031310642
      },
      "formula": "dif ~ 1+S+F+SF + (1+S|subj)",
      "lmer": {
        "deviance": 1072.80351444417,
        "theta": [
          0.285562798374853,
          -0.1834729162814,
          0.188706334932744
        ],
        "time": [
          0.0799999999999983,
          0,
          0.0799999999999983
        ],
        "feval": 54
      }
    }
  ],
  "RePsychLing::kb07": [
    {
      "lmm": {
        "deviance": 28586.3176218224,
        "hasgrad": true,
        "theta": [
          0.476590424836706,
          -0.0494650145577506,
          -0.0557735997639849,
          0.0295036772214421,
          0.0291461184910461,
          0.0319499179430449,
          -0.0139159108036758,
          -0.0463921635200716,
          0.102563794397814,
          -0.0170994768627392,
          -0.0166049973112851,
          -0.110919673130593,
          -0.0243529381946579,
          0.0126624195608193,
          0.0217891861532947,
          0.102324987042591,
          0.0779564175780314,
          -0.0944059909258934,
          0.0051084559074941,
          -0.0133002399307506,
          -0.0650812352957821,
          0.108443778240274,
          0.00542460777255804,
          -0.0540160606405009,
          -0.134319973455172,
          0.0515040898772176,
          2.08621466530971e-61,
          5.15499219368364e-59,
          2.74371183794226e-59,
          -4.02705619467583e-59,
          3.4977269096796e-58,
          2.8868905330322e-58,
          -3.61500668955068e-58,
          9.25064354776177e-164,
          -9.22265831709736e-164,
          0,
          0.569979559413898,
          -0.023392093813527,
          -0.267052757581309,
          0.0173645283968741,
          0.0290356484212852,
          0.0178362539490953,
          0.0084823475663393,
          0.00488122040605359,
          0.0639906843311671,
          -0.288079295331095,
          0.00343581008229044,
          -0.0308759833921262,
          0.00478891340582467,
          -0.0237876653195877,
          -0.0539969916063052,
          0.0427937961847769,
          -0.0129828592400344,
          -0.0174359904829082,
          -0.0156488039902465,
          0.100971042710924,
          -0.00842678547102698,
          0.0830319295389189,
          -0.00676046094741206,
          0.0229244965082224,
          0.000236744924229767,
          -0.0779572043312942,
          0.0215276761682798,
          -0.0542593475428347,
          -0.0304794721595876,
          0.0545393734836094,
          2.2438837788258e-05,
          -2.1048478363454e-05,
          -8.0505986153056e-06,
          2.10704730866703e-139,
          -1.29309068933718e-139,
          0
        ],
        "time": 420.958108567
      },
      "formula": "RTtrunc ~ 1+S+P+C+SP+SC+PC+SPC + (1+S+P+C+SP+SC+PC+SPC|subj) + (1+S+P+C+SP+SC+PC+SPC|item)",
      "lmer": {
        "deviance": 28586.3176132954,