{
  "RePsychLing::kb07": [
    {
      "lmm": {
        "deviance": 28586.3176218224,
        "hasgrad": true,
        "time": 515.3714497,
        "theta": [
          0.4765904248367059,
          -0.049465014557750604,
          -0.055773599763984924,
          0.02950367722144211,
          0.0291461184910461,
          0.03194991794304494,
          -0.013915910803675763,
          -0.04639216352007164,
          0.10256379439781399,
          -0.017099476862739185,
          -0.01660499731128511,
          -0.11091967313059257,
          -0.024352938194657933,
          0.012662419560819316,
          0.021789186153294726,
          0.10232498704259067,
          0.07795641757803144,
          -0.09440599092589344,
          0.005108455907494101,
          -0.0133002399307506,
          -0.06508123529578207,
          0.10844377824027442,
          0.0054246077725580355,
          -0.0540160606405009,
          -0.1343199734551721,
          0.051504089877217586,
          2.0862146653097083e-61,
          5.1549921936836416e-59,
          2.743711837942255e-59,
          -4.027056194675829e-59,
          3.497726909679598e-58,
          2.8868905330322047e-58,
          -3.615006689550679e-58,
          9.250643547761774e-164,
          -9.222658317097362e-164,
          0.0,
          0.5699795594138979,
          -0.023392093813527002,
          -0.2670527575813094,
          0.0173645283968741,
          0.029035648421285188,
          0.017836253949095344,
          0.008482347566339301,
          0.004881220406053589,
          0.0639906843311671,
          -0.288079295331095,
          0.003435810082290445,
          -0.030875983392126247,
          0.004788913405824674,
          -0.023787665319587734,
          -0.0539969916063052,
          0.04279379618477686,
          -0.012982859240034388,
          -0.01743599048290822,
          -0.015648803990246526,
          0.1009710427109241,
          -0.008426785471026984,
          0.08303192953891889,
          -0.0067604609474120605,
          0.0229244965082224,
          0.00023674492422976723,
          -0.07795720433129424,
          0.021527676168279795,
          -0.05425934754283467,
          -0.030479472159587566,
          0.054539373483609384,
          2.2438837788257965e-5,
          -2.1048478363453984e-5,
          -8.050598615305602e-6,
          2.1070473086670306e-139,
          -1.2930906893371838e-139,
          0.0
        ]
      },
      "lmer": {
        "deviance": 28586.3176132954,
        "theta": [
          0.476589586633756,
          -0.0494644608808635,
          -0.0557697014676902,
          0.0295083286106625,
          0.0291467970010006,
          0.0319489719394578,
          -0.0139151603268897,
          -0.0463896536459322,
          0.102572524990245,
          -0.0170973973439489,
          -0.0166011444087164,
          -0.110922169740142,
          -0.024353379403169,
          0.0126606753166799,
          0.0217902458523385,
          0.102323372458162,
          0.0780155664017404,
          -0.0944027496110072,
          0.00508058763387601,
          -0.0134016637014565,
          -0.0650556491957566,
          0.108412176551333,
          0.00546459214688001,
          -0.0540205621786293,
          -0.134313733634194,
          0.0515303962335395,
          1.39878699928689e-8,
          2.61570478745075e-7,
          -8.1745835648799e-8,
          -1.21547061609669e-7,
          1.61807289192186e-7,
          2.58850088446295e-7,
          -1.46435148167747e-7,
          1.4665146614319e-8,
          5.27804764462054e-9,
          0,
          0.569981593938956,
          -0.0233941815842374,
          -0.267048474337272,
          0.0173649118670442,
          0.0290359787550564,
          0.0178363089995125,
          0.00848252909551085,
          0.0048795333652823,
          0.0639957419807657,
          -0.288071637783449,
          0.0035309554043028,
          -0.0308692078548081,
          0.00476431210085306,
          -0.0238013728067779,
          -0.0540391861935557,
          0.0428409999788328,
          -0.0122880058351527,
          -0.0173440574469246,
          -0.0158183703576068,
          0.100769763487221,
          -0.00869570720258729,
          0.0831440867449671,
          -0.00655496143372326,
          0.0229934415640064,
          -0.000608179567358343,
          -0.0777418125942604,
          0.0216734558057136,
          -0.0541780577605684,
          -0.0311241832875889,
          0.054758292498141,
          2.58010578894938e-9,
          6.61277364829873e-7,
          7.59820832496264e-8,
          5.37358066953355e-8,
          2.76760808383664e-8,
          0
        ],
        "time": [
          1946.016,
          1804.124,
          979.791
        ],
        "feval": 11841
      },
      "formula": "RTtrunc ~ 1+S+P+C+SP+SC+PC+SPC + (1+S+P+C+SP+SC+PC+SPC|subj) + (1+S+P+C+SP+SC+PC+SPC|item)",
      "lmmng": {
        "deviance": 28586.318069904195,
        "time": 27.730700164,
        "theta": [
          0.47662466542033644,
          -0.0494597187817828,
          -0.055793042524318555,
          0.029524740208082864,
          0.029126566072404506,
          0.031948155353631394,
          -0.013934662710786229,
          -0.0463895230478019,
          0.10259848230337953,
          -0.0171232318063785,
          -0.016668160035825056,
          -0.11092332362510866,
          -0.024354539612283708,
          0.012702446187456447,
          0.021781224871159955,
          0.10230482970485229,
          0.07798464104469362,
          -0.09440019747956438,
          0.005061734224210906,
          -0.013369763744636096,
          -0.06505030417632376,
          0.108390462957422,
          0.005446210317665148,
          -0.054026614271851875,
          -0.13429430910178997,
          0.051536451385113105,
          0.0,
          0.00017939413194073748,
          0.00019396431432978705,
          -0.00015330011274841817,
          1.995440548410779e-5,
          4.315291375431017e-5,
          -4.6349171860548145e-5,
          7.536501414685188e-6,
          -4.902349835576604e-6,
          0.0,
          0.570079964150237,
          -0.023380127354972944,
          -0.2671281775703185,
          0.01738330413232357,
          0.029023554868202753,
          0.017835810998597344,
          0.008503148860159546,
          0.00488475011366451,
          0.06399481808136309,
          -0.2880724522458739,
          0.0030053663578724797,
          -0.030686537663482887,
          0.004359446971575125,
          -0.024128635234788157,
          -0.05322245687372587,
          0.04257583820613879,
          -0.01610121045859761,
          -0.016216617272244636,
          -0.01873393760697218,
          0.09930524330605361,
          -0.003120345226193362,
          0.08249427939393347,
          -0.007350630762610528,
          0.021832561564627765,
          0.0035715395858311673,
          -0.07801765557974308,
          0.022506988196625992,
          -0.05356387332462237,
          -0.03484992679752126,
          0.05580157843873053,
          0.0045863720717900045,
          -0.004450000614000609,
          -0.001540173602669022,
          0.00026113226287703223,
          -0.00010801252075236343,
          0.0
        ]
      }
    },
    {
      "lmm": {
        "deviance": 28682.067394191865,
        "hasgrad": true,
        "time": 3.671490611,
        "theta": [
          0.4453002808128331,
          0.0,
          0.0,
          0.0,
          0.0,
          0.0,
          0.0,
          0.0,
          0.5377750240945111,
          0.0,
          0.3692486441732265,
          0.0,
          0.0,
          0.0,
          0.0,
          0.0
        ]
      },
      "lmer": {
        "deviance": 28670.9133196135,